Кахастьанский;Иван;Иванович;высшее;Инженер;01.01.2003;+7 900 123 45 67;ivan.irkutskiy@example.com
Петров;Петр;Петрович;Магистратура;Математик;02.02.2003;+7 900 123 45 68;petr.petrov@example.com
Сидоров;Сидор;Сидорович;средне специальное;Физик;03.03.2003;+7 900 123 45 69;sidor.sidorov@example.com
Зайцев;Антон;Антонович;высшее;Юрист;01.01.2004;+7 900 123 45 77;anton.zaytsev@example.com
Киселев;Борис;Борисович;Магистратура;Экономист;02.02.2004;+7 900 123 45 78;boris.kiselev@example.com
Ильин;Валерий;Валерьевич;средне специальное;Менеджер;03.03.2004;+7 900 123 45 79;valeriy.ilyn@example.com
Гусев;Георгий;Георгиевич;нет;Программист;04.04.2004;+7 900 123 45 80;georgiy.gusev@example.com
Титов;Денис;Денисович;Асперантура;Аналитик;05.05.2004;+7 900 123 45 81;denis.titov@example.com
Комаров;Евгений;Евгеньевич;высшее;Дизайнер;06.06.2004;+7 900 123 45 82;evgeniy.komarov@example.com
Кудрявцев;Ждан;Жданович;Магистратура;Архитектор;07.07.2004;+7 900 123 45 83;zhdan.kudryavtsev@example.com
Быков;Захар;Захарович;средне специальное;Строитель;08.08.2004;+7 900 123 45 84;zakhar.bykov@example.com
Трофимов;Игнат;Игнатович;нет;Врач;09.09.2004;+7 900 123 45 85;ignat.trofimov@example.com
Савельев;Кирилл;Кириллович;Асперантура;Учитель;10.10.2004;+7 900 123 45 86;kirill.saveliev@example.com
Леонов;Леонид;Леонидович;высшее;Психолог;01.01.2005;+7 900 123 45 87;leonid.leonov@example.com
Захаров;Захар;Захарович;Магистратура;Социолог;02.02.2005;+7 900 123 45 88;zakhar.zakharov@example.com
Борисов;Борис;Борисович;средне специальное;Художник;03.03.2005;+7 900 123 45 89;boris.borisov@example.com
Антонов;Антон;Антонович;нет;Повар;04.04.2005;+7 900 123 45 90;anton.antonov@example.com
Валерьев;Валерий;Валерьевич;Асперантура;Стоматолог;05.05.2005;+7 900 123 45 91;valeriy.valeryev@example.com
Евгеньев;Евгений;Евгеньевич;высшее;Фармацевт;06.06.2005;+7 900 123 45 92;evgeniy.evgenyev@example.com
Георгиев;Георгий;Георгиевич;Магистратура;Фотограф;07.07.2005;+7 900 123 45 93;georgiy.georgyev@example.com
Денисов;Денис;Денисович;средне специальное;Писатель;08.08.2005;+7 900 123 45 94;denis.denisov@example.com
Игнатов;Игнат;Игнатович;нет;Политолог;09.09.2005;+7 900 123 45 95;ignat.ignatov@example.com
Кириллов;Кирилл;Кириллович;Асперантура;Журналист;10.10.2005;+7 900 123 45 96;kirill.kirillov@example.com
Лаврентьев;Лаврентий;Лаврентьевич;высшее;Археолог;11.11.2005;+7 900 123 45 97;lavrentiy.lavrentyev@example.com
Макаров;Макар;Макарович;Магистратура;Астроном;12.12.2005;+7 900 123 45 98;makar.makarov@example.com
Никитин;Никита;Никитинич;средне специальное;Библиотекарь;01.01.2006;+7 900 123 45 99;nikita.nikitin@example.com
Олегов;Олег;Олегович;нет;Ветеринар;02.02.2006;+7 900 123 46 00;oleg.olegov@example.com
Павлов;Павел;Павлович;Асперантура;Агроном;03.03.2006;+7 900 123 46 01;pavel.pavlov@example.com
Романов;Роман;Романович;высшее;Геолог;04.04.2006;+7 900 123 46 02;roman.romanov@example.com
Сергеев;Сергей;Сергеевич;Магистратура;Метеоролог;05.05.2006;+7 900 123 46 03;sergey.sergeev@example.com
Тимофеев;Тимофей;Тимофеевич;средне специальное;Океанолог;06.06.2006;+7 900 123 46 04;timofey.timofeev@example.com
Ульянов;Ульян;Ульянович;нет;Зоолог;07.07.2006;+7 900 123 46 05;ulyan.ulyanov@example.com
Федотов;Федот;Федотович;Асперантура;Ботаник;08.08.2006;+7 900 123 46 06;fedot.fedotov@example.com
Иркутский;Иван;Иванович;высшее;Инженер;01.01.2003;+7 900 123 45 67;ivan.irkutskiy@example.com
Петров;Петр;Петрович;Магистратура;Математик;02.02.2003;+7 900 123 45 68;petr.petrov@example.com
Сидоров;Сидор;Сидорович;средне специальное;Физик;03.03.2003;+7 900 123 45 69;sidor.sidorov@example.com
Зайцев;Антон;Антонович;высшее;Юрист;01.01.2004;+7 900 123 45 77;anton.zaytsev@example.com
Киселев;Борис;Борисович;Магистратура;Экономист;02.02.2004;+7 900 123 45 78;boris.kiselev@example.com
Ильин;Валерий;Валерьевич;средне специальное;Менеджер;03.03.2004;+7 900 123 45 79;valeriy.ilyn@example.com
Гусев;Георгий;Георгиевич;нет;Программист;04.04.2004;+7 900 123 45 80;georgiy.gusev@example.com
Титов;Денис;Денисович;Асперантура;Аналитик;05.05.2004;+7 900 123 45 81;denis.titov@example.com
Комаров;Евгений;Евгеньевич;высшее;Дизайнер;06.06.2004;+7 900 123 45 82;evgeniy.komarov@example.com
Кудрявцев;Ждан;Жданович;Магистратура;Архитектор;07.07.2004;+7 900 123 45 83;zhdan.kudryavtsev@example.com
Быков;Захар;Захарович;средне специальное;Строитель;08.08.2004;+7 900 123 45 84;zakhar.bykov@example.com
Трофимов;Игнат;Игнатович;нет;Врач;09.09.2004;+7 900 123 45 85;ignat.trofimov@example.com
Савельев;Кирилл;Кириллович;Асперантура;Учитель;10.10.2004;+7 900 123 45 86;kirill.saveliev@example.com
Леонов;Леонид;Леонидович;высшее;Психолог;01.01.2005;+7 900 123 45 87;leonid.leonov@example.com
Захаров;Захар;Захарович;Магистратура;Социолог;02.02.2005;+7 900 123 45 88;zakhar.zakharov@example.com
Борисов;Борис;Борисович;средне специальное;Художник;03.03.2005;+7 900 123 45 89;boris.borisov@example.com
Антонов;Антон;Антонович;нет;Повар;04.04.2005;+7 900 123 45 90;anton.antonov@example.com
Валерьев;Валерий;Валерьевич;Асперантура;Стоматолог;05.05.2005;+7 900 123 45 91;valeriy.valeryev@example.com
Евгеньев;Евгений;Евгеньевич;высшее;Фармацевт;06.06.2005;+7 900 123 45 92;evgeniy.evgenyev@example.com
Георгиев;Георгий;Георгиевич;Магистратура;Фотограф;07.07.2005;+7 900 123 45 93;georgiy.georgyev@example.com
Денисов;Денис;Денисович;средне специальное;Писатель;08.08.2005;+7 900 123 45 94;denis.denisov@example.com
Игнатов;Игнат;Игнатович;нет;Политолог;09.09.2005;+7 900 123 45 95;ignat.ignatov@example.com
Кириллов;Кирилл;Кириллович;Асперантура;Журналист;10.10.2005;+7 900 123 45 96;kirill.kirillov@example.com
Лаврентьев;Лаврентий;Лаврентьевич;высшее;Археолог;11.11.2005;+7 900 123 45 97;lavrentiy.lavrentyev@example.com
Макаров;Макар;Макарович;Магистратура;Астроном;12.12.2005;+7 900 123 45 98;makar.makarov@example.com
Никитин;Никита;Никитинич;средне специальное;Библиотекарь;01.01.2006;+7 900 123 45 99;nikita.nikitin@example.com
Олегов;Олег;Олегович;нет;Ветеринар;02.02.2006;+7 900 123 46 00;oleg.olegov@example.com
Павлов;Павел;Павлович;Асперантура;Агроном;03.03.2006;+7 900 123 46 01;pavel.pavlov@example.com
Романов;Роман;Романович;высшее;Геолог;04.04.2006;+7 900 123 46 02;roman.romanov@example.com
Сергеев;Сергей;Сергеевич;Магистратура;Метеоролог;05.05.2006;+7 900 123 46 03;sergey.sergeev@example.com
Тимофеев;Тимофей;Тимофеевич;средне специальное;Океанолог;06.06.2006;+7 900 123 46 04;timofey.timofeev@example.com
Ульянов;Ульян;Ульянович;нет;Зоолог;07.07.2006;+7 900 123 46 05;ulyan.ulyanov@example.com
Федотов;Федот;Федотович;Асперантура;Ботаник;08.08.2006;+7 900 123 46 06;fedot.fedotov@example.com
Кудрявцев;Ждан;Жданович;Магистратура;Архитектор;07.07.2004;+7 900 123 45 83;zhdan.kudryavtsev@example.com
Быков;Захар;Захарович;средне специальное;Строитель;08.08.2004;+7 900 123 45 84;zakhar.bykov@example.com
Трофимов;Игнат;Игнатович;нет;Врач;09.09.2004;+7 900 123 45 85;ignat.trofimov@example.com
Савельев;Кирилл;Кириллович;Асперантура;Учитель;10.10.2004;+7 900 123 45 86;kirill.saveliev@example.com
Леонов;Леонид;Леонидович;высшее;Психолог;01.01.2005;+7 900 123 45 87;leonid.leonov@example.com
Захаров;Захар;Захарович;Магистратура;Социолог;02.02.2005;+7 900 123 45 88;zakhar.zakharov@example.com
Борисов;Борис;Борисович;средне специальное;Художник;03.03.2005;+7 900 123 45 89;boris.borisov@example.com
Антонов;Антон;Антонович;нет;Повар;04.04.2005;+7 900 123 45 90;anton.antonov@example.com
Валерьев;Валерий;Валерьевич;Асперантура;Стоматолог;05.05.2005;+7 900 123 45 91;valeriy.valeryev@example.com
Евгеньев;Евгений;Евгеньевич;высшее;Фармацевт;06.06.2005;+7 900 123 45 92;evgeniy.evgenyev@example.com
Георгиев;Георгий;Георгиевич;Магистратура;Фотограф;07.07.2005;+7 900 123 45 93;georgiy.georgyev@example.com
Денисов;Денис;Денисович;средне специальное;Писатель;08.08.2005;+7 900 123 45 94;denis.denisov@example.com
Игнатов;Игнат;Игнатович;нет;Политолог;09.09.2005;+7 900 123 45 95;ignat.ignatov@example.com
Кириллов;Кирилл;Кириллович;Асперантура;Журналист;10.10.2005;+7 900 123 45 96;kirill.kirillov@example.com
Лаврентьев;Лаврентий;Лаврентьевич;высшее;Археолог;11.11.2005;+7 900 123 45 97;lavrentiy.lavrentyev@example.com
Макаров;Макар;Макарович;Магистратура;Астроном;12.12.2005;+7 900 123 45 98;makar.makarov@example.com
Никитин;Никита;Никитинич;средне специальное;Библиотекарь;01.01.2006;+7 900 123 45 99;nikita.nikitin@example.com
Олегов;Олег;Олегович;нет;Ветеринар;02.02.2006;+7 900 123 46 00;oleg.olegov@example.com
Быков;Захар;Захарович;средне специальное;Строитель;08.08.2004;+7 900 123 45 84;zakhar.bykov@example.com
Трофимов;Игнат;Игнатович;нет;Врач;09.09.2004;+7 900 123 45 85;ignat.trofimov@example.com
Савельев;Кирилл;Кириллович;Асперантура;Учитель;10.10.2004;+7 900 123 45 86;kirill.saveliev@example.com
Леонов;Леонид;Леонидович;высшее;Психолог;01.01.2005;+7 900 123 45 87;leonid.leonov@example.com
Захаров;Захар;Захарович;Магистратура;Социолог;02.02.2005;+7 900 123 45 88;zakhar.zakharov@example.com
Борисов;Борис;Борисович;средне специальное;Художник;03.03.2005;+7 900 123 45 89;boris.borisov@example.com
Антонов;Антон;Антонович;нет;Повар;04.04.2005;+7 900 123 45 90;anton.antonov@example.com
Валерьев;Валерий;Валерьевич;Асперантура;Стоматолог;05.05.2005;+7 900 123 45 91;valeriy.valeryev@example.com
Евгеньев;Евгений;Евгеньевич;высшее;Фармацевт;06.06.2005;+7 900 123 45 92;evgeniy.evgenyev@example.com
Георгиев;Георгий;Георгиевич;Магистратура;Фотограф;07.07.2005;+7 900 123 45 93;georgiy.georgyev@example.com
Денисов;Денис;Денисович;средне специальное;Писатель;08.08.2005;+7 900 123 45 94;denis.denisov@example.com
Игнатов;Игнат;Игнатович;нет;Политолог;09.09.2005;+7 900 123 45 95;ignat.ignatov@example.com
Кириллов;Кирилл;Кириллович;Асперантура;Журналист;10.10.2005;+7 900 123 45 96;kirill.kirillov@example.com
Лаврентьев;Лаврентий;Лаврентьевич;высшее;Археолог;11.11.2005;+7 900 123 45 97;lavrentiy.lavrentyev@example.com
Макаров;Макар;Макарович;Магистратура;Астроном;12.12.2005;+7 900 123 45 98;makar.makarov@example.com
Никитин;Никита;Никитинич;средне специальное;Библиотекарь;01.01.2006;+7 900 123 45 99;nikita.nikitin@example.com
Олегов;Олег;Олегович;нет;Ветеринар;02.02.2006;+7 900 123 46 00;oleg.olegov@example.com