Курагесеев;Иван;Петрович;ООО-Рос-Нефть;01.01.2003;Программист;+7 900 123 45 67;ivan.irkutskiy@example.com
Куриян;Макс;Андреевич;ООО-Рос-Гас;01.01.2004;Водитель;+7 900 123 45 67;ivan.irkutskiy@example.com
КатыревА;Алексей;Бывалый;ООО-Транс-Нефть;01.01.2003;Слесарь;+7 900 123 45 67;ivan.irkutskiy@example.com
Курошкин;ГигаБИБА;Петрович;ООО-Транс-Газ;01.01.2003;Механик;+7 900 123 45 67;ivan.irkutskiy@example.com
Курагесеев;Иван;Петрович;ООО-Рос-Нефть;01.01.2003;Программист;+7 900 123 45 67;ivan.irkutskiy@example.com
Куриян;Макс;Андреевич;ООО-Рос-Гас;01.01.2004;Водитель;+7 900 123 45 67;ivan.irkutskiy@example.com
КатыревА;Алексей;Бывалый;ООО-Транс-Нефть;01.01.2003;Слесарь;+7 900 123 45 67;ivan.irkutskiy@example.com
Курошкин;ГигаБИБА;Петрович;ООО-Транс-Газ;01.01.2003;Механик;+7 900 123 45 67;ivan.irkutskiy@example.com
Курагесеев;Иван;Петрович;ООО-Рос-Нефть;01.01.2003;Программист;+7 900 123 45 67;ivan.irkutskiy@example.com
Куриян;Макс;Андреевич;ООО-Рос-Гас;01.01.2004;Водитель;+7 900 123 45 67;ivan.irkutskiy@example.com
КатыревА;Алексей;Бывалый;ООО-Транс-Нефть;01.01.2003;Слесарь;+7 900 123 45 67;ivan.irkutskiy@example.com
Курошкин;ГигаБИБА;Петрович;ООО-Транс-Газ;01.01.2003;Механик;+7 900 123 45 67;ivan.irkutskiy@example.com
Курагесеев;Иван;Петрович;ООО-Рос-Нефть;01.01.2003;Программист;+7 900 123 45 67;ivan.irkutskiy@example.com
Куриян;Макс;Андреевич;ООО-Рос-Гас;01.01.2004;Водитель;+7 900 123 45 67;ivan.irkutskiy@example.com
КатыревА;Алексей;Бывалый;ООО-Транс-Нефть;01.01.2003;Слесарь;+7 900 123 45 67;ivan.irkutskiy@example.com
Курошкин;ГигаБИБА;Петрович;ООО-Транс-Газ;01.01.2003;Механик;+7 900 123 45 67;ivan.irkutskiy@example.com
Курагесеев;Иван;Петрович;ООО-Рос-Нефть;01.01.2003;Программист;+7 900 123 45 67;ivan.irkutskiy@example.com
Куриян;Макс;Андреевич;ООО-Рос-Гас;01.01.2004;Водитель;+7 900 123 45 67;ivan.irkutskiy@example.com
КатыревА;Алексей;Бывалый;ООО-Транс-Нефть;01.01.2003;Слесарь;+7 900 123 45 67;ivan.irkutskiy@example.com
Курошкин;ГигаБИБА;Петрович;ООО-Транс-Газ;01.01.2003;Механик;+7 900 123 45 67;ivan.irkutskiy@example.com
Курагесеев;Иван;Петрович;ООО-Рос-Нефть;01.01.2003;Программист;+7 900 123 45 67;ivan.irkutskiy@example.com
Куриян;Макс;Андреевич;ООО-Рос-Гас;01.01.2004;Водитель;+7 900 123 45 67;ivan.irkutskiy@example.com
КатыревА;Алексей;Бывалый;ООО-Транс-Нефть;01.01.2003;Слесарь;+7 900 123 45 67;ivan.irkutskiy@example.com
Курошкин;ГигаБИБА;Петрович;ООО-Транс-Газ;01.01.2003;Механик;+7 900 123 45 67;ivan.irkutskiy@example.com
Курагесеев;Иван;Петрович;ООО-Рос-Нефть;01.01.2003;Программист;+7 900 123 45 67;ivan.irkutskiy@example.com
Куриян;Макс;Андреевич;ООО-Рос-Гас;01.01.2004;Водитель;+7 900 123 45 67;ivan.irkutskiy@example.com
КатыревА;Алексей;Бывалый;ООО-Транс-Нефть;01.01.2003;Слесарь;+7 900 123 45 67;ivan.irkutskiy@example.com
Курошкин;ГигаБИБА;Петрович;ООО-Транс-Газ;01.01.2003;Механик;+7 900 123 45 67;ivan.irkutskiy@example.com
Курагесеев;Иван;Петрович;ООО-Рос-Нефть;01.01.2003;Программист;+7 900 123 45 67;ivan.irkutskiy@example.com
Куриян;Макс;Андреевич;ООО-Рос-Гас;01.01.2004;Водитель;+7 900 123 45 67;ivan.irkutskiy@example.com
КатыревА;Алексей;Бывалый;ООО-Транс-Нефть;01.01.2003;Слесарь;+7 900 123 45 67;ivan.irkutskiy@example.com
Курошкин;ГигаБИБА;Петрович;ООО-Транс-Газ;01.01.2003;Механик;+7 900 123 45 67;ivan.irkutskiy@example.com
Курагесеев;Иван;Петрович;ООО-Рос-Нефть;01.01.2003;Программист;+7 900 123 45 67;ivan.irkutskiy@example.com
Куриян;Макс;Андреевич;ООО-Рос-Гас;01.01.2004;Водитель;+7 900 123 45 67;ivan.irkutskiy@example.com
КатыревА;Алексей;Бывалый;ООО-Транс-Нефть;01.01.2003;Слесарь;+7 900 123 45 67;ivan.irkutskiy@example.com
Курошкин;ГигаБИБА;Петрович;ООО-Транс-Газ;01.01.2003;Механик;+7 900 123 45 67;ivan.irkutskiy@example.com
Курагесеев;Иван;Петрович;ООО-Рос-Нефть;01.01.2003;Программист;+7 900 123 45 67;ivan.irkutskiy@example.com
Куриян;Макс;Андреевич;ООО-Рос-Гас;01.01.2004;Водитель;+7 900 123 45 67;ivan.irkutskiy@example.com
КатыревА;Алексей;Бывалый;ООО-Транс-Нефть;01.01.2003;Слесарь;+7 900 123 45 67;ivan.irkutskiy@example.com
Курошкин;ГигаБИБА;Петрович;ООО-Транс-Газ;01.01.2003;Механик;+7 900 123 45 67;ivan.irkutskiy@example.com
Курагесеев;Иван;Петрович;ООО-Рос-Нефть;01.01.2003;Программист;+7 900 123 45 67;ivan.irkutskiy@example.com
Куриян;Макс;Андреевич;ООО-Рос-Гас;01.01.2004;Водитель;+7 900 123 45 67;ivan.irkutskiy@example.com
КатыревА;Алексей;Бывалый;ООО-Транс-Нефть;01.01.2003;Слесарь;+7 900 123 45 67;ivan.irkutskiy@example.com
Курошкин;ГигаБИБА;Петрович;ООО-Транс-Газ;01.01.2003;Механик;+7 900 123 45 67;ivan.irkutskiy@example.com
Курагесеев;Иван;Петрович;ООО-Рос-Нефть;01.01.2003;Программист;+7 900 123 45 67;ivan.irkutskiy@example.com
Куриян;Макс;Андреевич;ООО-Рос-Гас;01.01.2004;Водитель;+7 900 123 45 67;ivan.irkutskiy@example.com
КатыревА;Алексей;Бывалый;ООО-Транс-Нефть;01.01.2003;Слесарь;+7 900 123 45 67;ivan.irkutskiy@example.com
Курошкин;ГигаБИБА;Петрович;ООО-Транс-Газ;01.01.2003;Механик;+7 900 123 45 67;ivan.irkutskiy@example.com
Курагесеев;Иван;Петрович;ООО-Рос-Нефть;01.01.2003;Программист;+7 900 123 45 67;ivan.irkutskiy@example.com
Куриян;Макс;Андреевич;ООО-Рос-Гас;01.01.2004;Водитель;+7 900 123 45 67;ivan.irkutskiy@example.com
КатыревА;Алексей;Бывалый;ООО-Транс-Нефть;01.01.2003;Слесарь;+7 900 123 45 67;ivan.irkutskiy@example.com
Курошкин;ГигаБИБА;Петрович;ООО-Транс-Газ;01.01.2003;Механик;+7 900 123 45 67;ivan.irkutskiy@example.com
Курагесеев;Иван;Петрович;ООО-Рос-Нефть;01.01.2003;Программист;+7 900 123 45 67;ivan.irkutskiy@example.com
Куриян;Макс;Андреевич;ООО-Рос-Гас;01.01.2004;Водитель;+7 900 123 45 67;ivan.irkutskiy@example.com
КатыревА;Алексей;Бывалый;ООО-Транс-Нефть;01.01.2003;Слесарь;+7 900 123 45 67;ivan.irkutskiy@example.com
Курошкин;ГигаБИБА;Петрович;ООО-Транс-Газ;01.01.2003;Механик;+7 900 123 45 67;ivan.irkutskiy@example.com
Курагесеев;Иван;Петрович;ООО-Рос-Нефть;01.01.2003;Программист;+7 900 123 45 67;ivan.irkutskiy@example.com
Куриян;Макс;Андреевич;ООО-Рос-Гас;01.01.2004;Водитель;+7 900 123 45 67;ivan.irkutskiy@example.com
КатыревА;Алексей;Бывалый;ООО-Транс-Нефть;01.01.2003;Слесарь;+7 900 123 45 67;ivan.irkutskiy@example.com
Курошкин;ГигаБИБА;Петрович;ООО-Транс-Газ;01.01.2003;Механик;+7 900 123 45 67;ivan.irkutskiy@example.com
Курагесеев;Иван;Петрович;ООО-Рос-Нефть;01.01.2003;Программист;+7 900 123 45 67;ivan.irkutskiy@example.com
Куриян;Макс;Андреевич;ООО-Рос-Гас;01.01.2004;Водитель;+7 900 123 45 67;ivan.irkutskiy@example.com
КатыревА;Алексей;Бывалый;ООО-Транс-Нефть;01.01.2003;Слесарь;+7 900 123 45 67;ivan.irkutskiy@example.com
Курошкин;ГигаБИБА;Петрович;ООО-Транс-Газ;01.01.2003;Механик;+7 900 123 45 67;ivan.irkutskiy@example.com
Курагесеев;Иван;Петрович;ООО-Рос-Нефть;01.01.2003;Программист;+7 900 123 45 67;ivan.irkutskiy@example.com
Куриян;Макс;Андреевич;ООО-Рос-Гас;01.01.2004;Водитель;+7 900 123 45 67;ivan.irkutskiy@example.com
КатыревА;Алексей;Бывалый;ООО-Транс-Нефть;01.01.2003;Слесарь;+7 900 123 45 67;ivan.irkutskiy@example.com
Курошкин;ГигаБИБА;Петрович;ООО-Транс-Газ;01.01.2003;Механик;+7 900 123 45 67;ivan.irkutskiy@example.com
Курагесеев;Иван;Петрович;ООО-Рос-Нефть;01.01.2003;Программист;+7 900 123 45 67;ivan.irkutskiy@example.com
Куриян;Макс;Андреевич;ООО-Рос-Гас;01.01.2004;Водитель;+7 900 123 45 67;ivan.irkutskiy@example.com
КатыревА;Алексей;Бывалый;ООО-Транс-Нефть;01.01.2003;Слесарь;+7 900 123 45 67;ivan.irkutskiy@example.com
Курошкин;ГигаБИБА;Петрович;ООО-Транс-Газ;01.01.2003;Механик;+7 900 123 45 67;ivan.irkutskiy@example.com
Курагесеев;Иван;Петрович;ООО-Рос-Нефть;01.01.2003;Программист;+7 900 123 45 67;ivan.irkutskiy@example.com
Куриян;Макс;Андреевич;ООО-Рос-Гас;01.01.2004;Водитель;+7 900 123 45 67;ivan.irkutskiy@example.com
КатыревА;Алексей;Бывалый;ООО-Транс-Нефть;01.01.2003;Слесарь;+7 900 123 45 67;ivan.irkutskiy@example.com
Курошкин;ГигаБИБА;Петрович;ООО-Транс-Газ;01.01.2003;Механик;+7 900 123 45 67;ivan.irkutskiy@example.com
Курагесеев;Иван;Петрович;ООО-Рос-Нефть;01.01.2003;Программист;+7 900 123 45 67;ivan.irkutskiy@example.com
Куриян;Макс;Андреевич;ООО-Рос-Гас;01.01.2004;Водитель;+7 900 123 45 67;ivan.irkutskiy@example.com
КатыревА;Алексей;Бывалый;ООО-Транс-Нефть;01.01.2003;Слесарь;+7 900 123 45 67;ivan.irkutskiy@example.com
Курошкин;ГигаБИБА;Петрович;ООО-Транс-Газ;01.01.2003;Механик;+7 900 123 45 67;ivan.irkutskiy@example.com
Курагесеев;Иван;Петрович;ООО-Рос-Нефть;01.01.2003;Программист;+7 900 123 45 67;ivan.irkutskiy@example.com
Куриян;Макс;Андреевич;ООО-Рос-Гас;01.01.2004;Водитель;+7 900 123 45 67;ivan.irkutskiy@example.com
КатыревА;Алексей;Бывалый;ООО-Транс-Нефть;01.01.2003;Слесарь;+7 900 123 45 67;ivan.irkutskiy@example.com
Курошкин;ГигаБИБА;Петрович;ООО-Транс-Газ;01.01.2003;Механик;+7 900 123 45 67;ivan.irkutskiy@example.com
Курагесеев;Иван;Петрович;ООО-Рос-Нефть;01.01.2003;Программист;+7 900 123 45 67;ivan.irkutskiy@example.com
Куриян;Макс;Андреевич;ООО-Рос-Гас;01.01.2004;Водитель;+7 900 123 45 67;ivan.irkutskiy@example.com
КатыревА;Алексей;Бывалый;ООО-Транс-Нефть;01.01.2003;Слесарь;+7 900 123 45 67;ivan.irkutskiy@example.com
Курошкин;ГигаБИБА;Петрович;ООО-Транс-Газ;01.01.2003;Механик;+7 900 123 45 67;ivan.irkutskiy@example.com
Курагесеев;Иван;Петрович;ООО-Рос-Нефть;01.01.2003;Программист;+7 900 123 45 67;ivan.irkutskiy@example.com
Куриян;Макс;Андреевич;ООО-Рос-Гас;01.01.2004;Водитель;+7 900 123 45 67;ivan.irkutskiy@example.com
КатыревА;Алексей;Бывалый;ООО-Транс-Нефть;01.01.2003;Слесарь;+7 900 123 45 67;ivan.irkutskiy@example.com
Курошкин;ГигаБИБА;Петрович;ООО-Транс-Газ;01.01.2003;Механик;+7 900 123 45 67;ivan.irkutskiy@example.com
Курагесеев;Иван;Петрович;ООО-Рос-Нефть;01.01.2003;Программист;+7 900 123 45 67;ivan.irkutskiy@example.com
Куриян;Макс;Андреевич;ООО-Рос-Гас;01.01.2004;Водитель;+7 900 123 45 67;ivan.irkutskiy@example.com
КатыревА;Алексей;Бывалый;ООО-Транс-Нефть;01.01.2003;Слесарь;+7 900 123 45 67;ivan.irkutskiy@example.com
Курошкин;ГигаБИБА;Петрович;ООО-Транс-Газ;01.01.2003;Механик;+7 900 123 45 67;ivan.irkutskiy@example.com
Курагесеев;Иван;Петрович;ООО-Рос-Нефть;01.01.2003;Программист;+7 900 123 45 67;ivan.irkutskiy@example.com
Куриян;Макс;Андреевич;ООО-Рос-Гас;01.01.2004;Водитель;+7 900 123 45 67;ivan.irkutskiy@example.com
КатыревА;Алексей;Бывалый;ООО-Транс-Нефть;01.01.2003;Слесарь;+7 900 123 45 67;ivan.irkutskiy@example.com
Курошкин;ГигаБИБА;Петрович;ООО-Транс-Газ;01.01.2003;Механик;+7 900 123 45 67;ivan.irkutskiy@example.com